generated_Midi\genHardstyle_music_1.midi,1
generated_Midi\genHardstyle_music_2.midi,1
generated_Midi\genHardstyle_music_3.midi,1
generated_Midi\genHardstyle_music_4.midi,2
generated_Midi\genHardstyle_music_5.midi,1
generated_Midi\genHardstyle_music_6.midi,1
generated_Midi\genHardstyle_music_7.midi,2
generated_Midi\genHardstyle_music_8.midi,2
generated_Midi\genHardstyle_music_9.midi,1
generated_Midi\genHardstyle_music_10.midi,2
generated_Midi\genHardstyle_music_11.midi,2
generated_Midi\genHardstyle_music_12.midi,1
generated_Midi\genHardstyle_music_13.midi,1
generated_Midi\genHardstyle_music_14.midi,2
generated_Midi\genHardstyle_music_15.midi,1
generated_Midi\genHardstyle_music_16.midi,1
generated_Midi\genHardstyle_music_17.midi,2
generated_Midi\genHardstyle_music_18.midi,1
generated_Midi\genHardstyle_music_19.midi,1
generated_Midi\genHardstyle_music_20.midi,1
generated_Midi\genHardstyle_music_01__2.midi,1
generated_Midi\genHardstyle_music_01__3.midi,1
